time,energy,event_type,wattmin,epower
0.000075,0.000750,s,25.000000,10.000000
46.146025,1493.616004,e,25.000000,32.367201
