time,energy(J),carbon_emission(grams per kwh),event_type,ecarbon
0.000075,0.000750,0.000000,s,0.000273
46.146025,1493.616004,0.040804,e,0.000884
